AAA,/conditions/abdominal-aortic-aneurysm/
AAA screening,/conditions/abdominal-aortic-aneurysm-screening/
Abdominal aortic aneurysm,/conditions/abdominal-aortic-aneurysm/
Abdominal aortic aneurysm screening,/conditions/abdominal-aortic-aneurysm-screening/
Abortion,/conditions/abortion/
Abscess,/conditions/abscess/
Acanthosis nigricans,/conditions/acanthosis-nigricans/
Achalasia,/conditions/achalasia/
Acid and chemical burns,/conditions/acid-and-chemical-burns/
Acid reflux in babies,/conditions/reflux-in-babies/
Acne,/conditions/acne/
Acoustic neuroma (vestibular schwannoma),/conditions/acoustic-neuroma/
Acromegaly,/conditions/acromegaly/
Actinic keratoses (solar keratoses),/conditions/actinic-keratoses/
Actinomycosis,/conditions/actinomycosis/
Acupuncture,/conditions/acupuncture/
Acute cholecystitis,/conditions/acute-cholecystitis/
Acute kidney injury,/conditions/acute-kidney-injury/
Acute lymphoblastic leukaemia,/conditions/acute-lymphoblastic-leukaemia/
Acute myeloid leukaemia,/conditions/acute-myeloid-leukaemia/
Acute pancreatitis,/conditions/acute-pancreatitis/
Acute respiratory distress syndrome,/conditions/acute-respiratory-distress-syndrome/
Addison's disease,/conditions/addisons-disease/
Adenoids and adenoidectomy,/conditions/adenoids-and-adenoidectomy/
Age-related cataracts,/conditions/cataracts/
Age-related macular degeneration (AMD),/conditions/age-related-macular-degeneration-amd/
Agoraphobia,/conditions/agoraphobia/
Air or gas embolism,/conditions/air-embolism/
Albinism,/conditions/albinism/
Alcohol misuse,/conditions/alcohol-misuse/
Alcohol poisoning,/conditions/alcohol-poisoning/
Alcohol-related liver disease,/conditions/alcohol-related-liver-disease-arld/
Alexander technique,/conditions/alexander-technique/
Alkaptonuria,/conditions/alkaptonuria/
Allergic rhinitis,/conditions/allergic-rhinitis/
Allergies,/conditions/allergies/
Altitude sickness,/conditions/altitude-sickness/
Alzheimer's disease,/conditions/alzheimers-disease/
Amblyopia,/conditions/lazy-eye/
Amnesia,/conditions/memory-loss-amnesia/
Amniocentesis,/conditions/amniocentesis/
Amputation,/conditions/amputation/
Amyloidosis,/conditions/amyloidosis/
Anabolic steroid misuse,/conditions/anabolic-steroid-misuse/
Anaemia (iron deficiency),/conditions/iron-deficiency-anaemia/
Anaemia (vitamin B12 or folate deficiency),/conditions/vitamin-b12-or-folate-deficiency-anaemia/
Anaesthesia,/conditions/anaesthesia/
Anal cancer,/conditions/anal-cancer/
Anal fissure,/conditions/anal-fissure/
Anal fistula,/conditions/anal-fistula/
Anal pain,/conditions/anal-pain/
Anaphylaxis,/conditions/anaphylaxis/
Androgen insensitivity syndrome,/conditions/androgen-insensitivity-syndrome/
Aneurysm (abdominal aortic),/conditions/abdominal-aortic-aneurysm/
Aneurysm (brain),/conditions/brain-aneurysm/
Angelman syndrome,/conditions/angelman-syndrome/
Angina,/conditions/angina/
Angioedema,/conditions/angioedema/
Angiography,/conditions/angiography/
Angioplasty,/conditions/coronary-angioplasty/
Ankylosing spondylitis,/conditions/ankylosing-spondylitis/
Anorexia nervosa,/conditions/anorexia/
Anosmia,/conditions/anosmia/
Anosmia,/conditions/lost-or-changed-sense-smell/
Antacids,/conditions/antacids/
Antibiotics,/conditions/antibiotics/
Anticoagulant medicines,/conditions/anticoagulants/
Antidepressants,/conditions/antidepressants/
Antifungal medicines,/conditions/antifungal-medicines/
Antihistamines,/conditions/antihistamines/
Antiphospholipid syndrome (APS),/conditions/antiphospholipid-syndrome/
Antisocial personality disorder,/conditions/antisocial-personality-disorder/
Anus (itchy),/conditions/itchy-anus/
Anxiety disorder in adults,/conditions/generalised-anxiety-disorder/
Anxiety disorders in children,/conditions/anxiety-disorders-in-children/
Aortic valve replacement,/conditions/aortic-valve-replacement/
Aphasia,/conditions/aphasia/
Appendicitis,/conditions/appendicitis/
Arrhythmia,/conditions/arrhythmia/
Arterial thrombosis,/conditions/arterial-thrombosis/
Arthritis,/conditions/arthritis/
Arthroscopy,/conditions/arthroscopy/
Asbestosis,/conditions/asbestosis/
Asperger's,/conditions/autism/
Aspergillosis,/conditions/aspergillosis/
Aspirin,/conditions/aspirin/
Asthma,/conditions/asthma/
Astigmatism,/conditions/astigmatism/
Ataxia,/conditions/ataxia/
Atherosclerosis (arteriosclerosis),/conditions/atherosclerosis/
Athlete's foot,/conditions/athletes-foot/
Atopic eczema,/conditions/atopic-eczema/
Atrial fibrillation,/conditions/atrial-fibrillation/
Attention deficit hyperactivity disorder (ADHD),/conditions/attention-deficit-hyperactivity-disorder-adhd/
Auditory processing disorder,/conditions/auditory-processing-disorder/
Autism,/conditions/autism/
Autosomal dominant polycystic kidney disease,/conditions/autosomal-dominant-polycystic-kidney-disease-adpkd/
Autosomal recessive polycystic kidney disease,/conditions/autosomal-recessive-polycystic-kidney-disease-arpkd/
Avian flu,/conditions/bird-flu/
Back pain,/conditions/back-pain/
Bacterial vaginosis,/conditions/bacterial-vaginosis/
Bad breath,/conditions/bad-breath/
Baker's cyst,/conditions/bakers-cyst/
Balanitis,/conditions/balanitis/
Barium enema,/conditions/barium-enema/
Bartholin's cyst,/conditions/bartholins-cyst/
Basal cell carcinoma,/conditions/non-melanoma-skin-cancer/
Bedbugs,/conditions/bedbugs/
Bedwetting,/conditions/bedwetting/
Behçet's disease,/conditions/behcets-disease/
Being sick,/conditions/diarrhoea-and-vomiting/
Bell's palsy,/conditions/bells-palsy/
Benign brain tumour (non-cancerous),/conditions/benign-brain-tumour/
Benign prostate enlargement,/conditions/prostate-enlargement/
Beta blockers,/conditions/beta-blockers/
Bile duct cancer (cholangiocarcinoma),/conditions/bile-duct-cancer/
Bilharzia,/conditions/schistosomiasis/
Binge eating disorder,/conditions/binge-eating/
Biological and biosimilar medicines (biosimilars),/conditions/biological-and-biosimilar-medicines/
Biopsy,/conditions/biopsy/
Bipolar disorder,/conditions/bipolar-disorder/
Bird flu,/conditions/bird-flu/
Birthmarks,/conditions/birthmarks/
Bite (animal or human),/conditions/animal-and-human-bites/
Black eye,/conditions/black-eye/
Bladder cancer,/conditions/bladder-cancer/
Bladder stones,/conditions/bladder-stones/
Bleeding after the menopause,/conditions/post-menopausal-bleeding/
Bleeding from the bottom (rectal bleeding),/conditions/bleeding-from-the-bottom-rectal-bleeding/
Blepharitis,/conditions/blepharitis/
Blindness and vision loss,/conditions/vision-loss/
Blisters,/conditions/blisters/
Blood clots,/conditions/blood-clots/
Blood groups,/conditions/blood-groups/
Blood in semen (haematospermia),/conditions/blood-in-semen/
Blood in urine,/conditions/blood-in-urine/
Blood pressure (high),/conditions/high-blood-pressure-hypertension/
Blood pressure (low),/conditions/low-blood-pressure-hypotension/
Blood pressure test,/conditions/blood-pressure-test/
Blood tests,/conditions/blood-tests/
Blood transfusion,/conditions/blood-transfusion/
Blue skin or lips (cyanosis),/conditions/blue-skin-or-lips-cyanosis/
Blushing,/conditions/blushing/
Body dysmorphic disorder (BDD),/conditions/body-dysmorphia/
Body odour (BO),/conditions/body-odour-bo/
Body piercing,/conditions/body-piercing/
Boils and carbuncles,/conditions/boils/
Bone cancer,/conditions/bone-cancer/
Bone cyst,/conditions/bone-cyst/
Bone density scan (DEXA scan),/conditions/dexa-scan/
Borderline personality disorder,/conditions/borderline-personality-disorder/
Bornholm disease,/conditions/bornholm-disease/
Botulism,/conditions/botulism/
Bowel cancer,/conditions/bowel-cancer/
Bowel cancer screening,/conditions/bowel-cancer-screening/
Bowel incontinence,/conditions/bowel-incontinence/
Bowel polyps,/conditions/bowel-polyps/
Bowel transplant,/conditions/small-bowel-transplant/
Bowen's disease,/conditions/bowens-disease/
Brachycephaly and plagiocephaly,/conditions/plagiocephaly-brachycephaly/
Brain abscess,/conditions/brain-abscess/
Brain aneurysm,/conditions/brain-aneurysm/
Brain death,/conditions/brain-death/
Brain death,/conditions/brain-death/
Brain haemorrhage,/conditions/subarachnoid-haemorrhage/
Brain tumour (benign),/conditions/benign-brain-tumour/
Brain tumour (malignant),/conditions/malignant-brain-tumour/
Brain tumours,/conditions/brain-tumours/
Breast abscess,/conditions/breast-abscess/
Breast cancer in men,/conditions/breast-cancer-in-men/
Breast cancer in women,/conditions/breast-cancer/
Breast cancer screening,/conditions/breast-cancer-screening/
Breast lumps,/conditions/breast-lump/
Breast pain,/conditions/breast-pain/
Breast reduction on the NHS,/conditions/breast-reduction-on-the-nhs/
Breath-holding spells in children,/conditions/breath-holding-spells-in-children/
Broken ankle,/conditions/broken-ankle/
Broken arm or wrist,/conditions/broken-arm-or-wrist/
Broken collarbone,/conditions/broken-collarbone/
Broken finger or thumb,/conditions/broken-finger/
Broken leg,/conditions/broken-leg/
Broken nose,/conditions/broken-nose/
Broken or bruised ribs,/conditions/broken-or-bruised-ribs/
Broken toe,/conditions/broken-toe/
Bronchiectasis,/conditions/bronchiectasis/
Bronchiolitis,/conditions/bronchiolitis/
Bronchitis,/conditions/bronchitis/
Bronchodilators,/conditions/bronchodilators/
Brucellosis,/conditions/brucellosis/
Brugada syndrome,/conditions/brugada-syndrome/
Bruxism,/conditions/teeth-grinding/
Bulimia,/conditions/bulimia/
Bullous pemphigoid,/conditions/bullous-pemphigoid/
Bunions,/conditions/bunions/
Burns and scalds,/conditions/burns-and-scalds/
Bursitis,/conditions/bursitis/
Buttock pain,/conditions/sciatica/
CABG,/conditions/coronary-artery-bypass-graft-cabg/
Caesarean section,/conditions/caesarean-section/
Cancer,/conditions/cancer/
Cannabis oil (medical cannabis),/conditions/medical-cannabis/
Carbon monoxide poisoning,/conditions/carbon-monoxide-poisoning/
Carcinoembryonic antigen (CEA) test,/conditions/cea-test/
Cardiac catheterisation and coronary angiography,/conditions/coronary-angiography/
Cardiomyopathy,/conditions/cardiomyopathy/
Cardiovascular disease,/conditions/cardiovascular-disease/
Carotid endarterectomy,/conditions/carotid-endarterectomy/
Carpal tunnel syndrome,/conditions/carpal-tunnel-syndrome/
Cartilage damage,/conditions/cartilage-damage/
Cataract surgery,/conditions/cataract-surgery/
Cataracts (age-related),/conditions/cataracts/
Cataracts (children),/conditions/childhood-cataracts/
Catarrh,/conditions/catarrh/
Cavernoma,/conditions/cavernoma/
Cavernous sinus thrombosis,/conditions/cavernous-sinus-thrombosis/
Cellulitis,/conditions/cellulitis/
Cerebral palsy,/conditions/cerebral-palsy/
Cervical cancer,/conditions/cervical-cancer/
Cervical rib,/conditions/cervical-rib/
Cervical screening,/conditions/cervical-screening/
Cervical spondylosis,/conditions/cervical-spondylosis/
Charcot-Marie-Tooth disease,/conditions/charcot-marie-tooth-disease/
Charles Bonnet syndrome,/conditions/charles-bonnet-syndrome/
Chemotherapy,/conditions/chemotherapy/
Chest infection,/conditions/chest-infection/
Chest pain,/conditions/chest-pain/
Chiari malformation,/conditions/chiari-malformation/
Chickenpox,/conditions/chickenpox/
Chilblains,/conditions/chilblains/
Chipped, broken or cracked tooth,/conditions/chipped-broken-or-cracked-tooth/
Chiropractic,/conditions/chiropractic/
Chlamydia,/conditions/chlamydia/
Cholangiocarcinoma,/conditions/bile-duct-cancer/
Cholecystitis (acute),/conditions/acute-cholecystitis/
Cholera,/conditions/cholera/
Cholesteatoma,/conditions/cholesteatoma/
Cholesterol (high),/conditions/high-cholesterol/
Chorionic villus sampling,/conditions/chorionic-villus-sampling-cvs/
Chronic fatigue syndrome (CFS/ME),/conditions/chronic-fatigue-syndrome-cfs/
Chronic kidney disease,/conditions/kidney-disease/
Chronic lymphocytic leukaemia,/conditions/chronic-lymphocytic-leukaemia/
Chronic myeloid leukaemia,/conditions/chronic-myeloid-leukaemia/
Chronic obstructive pulmonary disease (COPD),/conditions/chronic-obstructive-pulmonary-disease-copd/
Chronic pancreatitis,/conditions/chronic-pancreatitis/
Chronic traumatic encephalopathy,/conditions/chronic-traumatic-encephalopathy/
Circumcision in boys,/conditions/circumcision-in-boys/
Circumcision in men,/conditions/circumcision-in-men/
Cirrhosis,/conditions/cirrhosis/
CJD,/conditions/creutzfeldt-jakob-disease-cjd/
Claustrophobia,/conditions/claustrophobia/
Cleft lip and palate,/conditions/cleft-lip-and-palate/
Clinical depression,/conditions/clinical-depression/
Clinical trials,/conditions/clinical-trials/
Clostridium difficile,/conditions/c-difficile/
Club foot,/conditions/club-foot/
Cluster headaches,/conditions/cluster-headaches/
Coated or white tongue,/conditions/coated-or-white-tongue/
Coccydynia (tailbone pain),/conditions/tailbone-pain-coccydynia/
Coeliac disease,/conditions/coeliac-disease/
Cognitive behavioural therapy (CBT),/conditions/cognitive-behavioural-therapy-cbt/
Cold sores,/conditions/cold-sores/
Colic,/conditions/colic/
Colon cancer,/conditions/bowel-cancer/
Colonoscopy,/conditions/colonoscopy/
Colostomy,/conditions/colostomy/
Colour vision deficiency (colour blindness),/conditions/colour-vision-deficiency/
Colposcopy,/conditions/colposcopy/
Coma,/conditions/coma/
Common cold,/conditions/common-cold/
Compartment syndrome,/conditions/compartment-syndrome/
Complementary and alternative medicine,/conditions/complementary-and-alternative-medicine/
Complex regional pain syndrome,/conditions/complex-regional-pain-syndrome/
Concussion,/conditions/concussion/
Confusion (sudden),/conditions/confusion/
Congenital heart disease,/conditions/congenital-heart-disease/
Congenital hip dislocation,/conditions/developmental-dysplasia-of-the-hip/
Conjunctivitis,/conditions/conjunctivitis/
Consent to treatment,/conditions/consent-to-treatment/
Constipation,/conditions/constipation/
Contact dermatitis,/conditions/contact-dermatitis/
Cornea transplant,/conditions/cornea-transplant/
Corns and calluses,/conditions/corns-and-calluses/
Coronary angioplasty and stent insertion,/conditions/coronary-angioplasty/
Coronary artery bypass graft,/conditions/coronary-artery-bypass-graft-cabg/
Coronary heart disease,/conditions/coronary-heart-disease/
Corticobasal degeneration,/conditions/corticobasal-degeneration/
Corticosteroid cream,/conditions/topical-steroids/
Corticosteroids,/conditions/steroids/
Cosmetic procedures,/conditions/cosmetic-procedures/
Costochondritis,/conditions/costochondritis/
Cough,/conditions/cough/
Coughing up blood (blood in phlegm),/conditions/coughing-up-blood/
Counselling,/conditions/counselling/
Cradle cap,/conditions/cradle-cap/
Craniosynostosis,/conditions/craniosynostosis/
Creutzfeldt-Jakob disease,/conditions/creutzfeldt-jakob-disease-cjd/
Crohn's disease,/conditions/crohns-disease/
Croup,/conditions/croup/
CT scan,/conditions/ct-scan/
Cushing's syndrome,/conditions/cushings-syndrome/
Cuts and grazes,/conditions/cuts-and-grazes/
Cyanosis,/conditions/blue-skin-or-lips-cyanosis/
Cyclical vomiting syndrome,/conditions/cyclical-vomiting-syndrome/
Cyclospora,/conditions/cyclospora/
Cyclothymia,/conditions/cyclothymia/
Cystic fibrosis,/conditions/cystic-fibrosis/
Cystitis,/conditions/cystitis/
Cystoscopy,/conditions/cystoscopy/
Cytomegalovirus (CMV),/conditions/cytomegalovirus-cmv/
Dandruff,/conditions/dandruff/
Deafblindness,/conditions/deafblindness/
Deafness,/conditions/hearing-loss/
Decompression sickness,/conditions/air-embolism/
Decongestants,/conditions/decongestants/
Deep vein thrombosis,/conditions/deep-vein-thrombosis-dvt/
Dehydration,/conditions/dehydration/
Delirium,/conditions/confusion/
Dementia (frontotemporal),/conditions/frontotemporal-dementia/
Dementia (vascular),/conditions/vascular-dementia/
Dementia with Lewy bodies,/conditions/dementia-with-lewy-bodies/
Dengue,/conditions/dengue/
Dental abscess,/conditions/dental-abscess/
Dental pain,/conditions/toothache/
Dentures (false teeth),/conditions/dentures/
Depression,/conditions/clinical-depression/
Detached retina (retinal detachment),/conditions/detached-retina-retinal-detachment/
Developmental co-ordination disorder (dyspraxia) in children,/conditions/developmental-coordination-disorder-dyspraxia/
Developmental dysplasia of the hip,/conditions/developmental-dysplasia-of-the-hip/
DEXA scan,/conditions/dexa-scan/
Diabetes,/conditions/diabetes/
Diabetes (type 1),/conditions/type-1-diabetes/
Diabetes (type 2),/conditions/type-2-diabetes/
Diabetes in pregnancy,/conditions/gestational-diabetes/
Diabetes insipidus,/conditions/diabetes-insipidus/
Diabetic eye screening,/conditions/diabetic-eye-screening/
Diabetic ketoacidosis,/conditions/diabetic-ketoacidosis/
Diabetic retinopathy,/conditions/diabetic-retinopathy/
Dialysis,/conditions/dialysis/
Diarrhoea,/conditions/diarrhoea-and-vomiting/
Diarrhoea and vomiting,/conditions/diarrhoea-and-vomiting/
Differences in sex development,/conditions/differences-in-sex-development/
DiGeorge syndrome (22q11 deletion),/conditions/digeorge-syndrome/
Diphtheria,/conditions/diphtheria/
Discoid eczema,/conditions/discoid-eczema/
Dislocated kneecap,/conditions/dislocated-kneecap/
Dislocated shoulder,/conditions/dislocated-shoulder/
Disorders of consciousness,/conditions/disorders-of-consciousness/
Dissociative disorders,/conditions/dissociative-disorders/
Diverticular disease and diverticulitis,/conditions/diverticular-disease-and-diverticulitis/
Dizziness,/conditions/dizziness/
Double vision,/conditions/double-vision/
Down's syndrome,/conditions/downs-syndrome/
Dry eyes,/conditions/dry-eyes/
Dry lips,/conditions/sore-or-dry-lips/
Dry mouth,/conditions/dry-mouth/
Dupuytren's contracture,/conditions/dupuytrens-contracture/
DVT,/conditions/deep-vein-thrombosis-dvt/
Dwarfism,/conditions/restricted-growth/
Dysarthria (difficulty speaking),/conditions/dysarthria/
Dysentery,/conditions/dysentery/
Dyslexia,/conditions/dyslexia/
Dysphagia (swallowing problems),/conditions/swallowing-problems-dysphagia/
Dyspraxia (developmental co-ordination disorder) in adults,/conditions/developmental-coordination-disorder-dyspraxia-in-adults/
Dyspraxia in children,/conditions/developmental-coordination-disorder-dyspraxia/
Dystonia,/conditions/dystonia/
Ear infections,/conditions/ear-infections/
Earache,/conditions/earache/
Eardrum (burst),/conditions/perforated-eardrum/
Early menopause,/conditions/early-menopause/
Early or delayed puberty,/conditions/early-or-delayed-puberty/
Earwax build-up,/conditions/earwax-build-up/
Eating disorders,/conditions/eating-disorders/
Ebola virus disease,/conditions/ebola/
Echocardiogram,/conditions/echocardiogram/
Ectopic beats,/conditions/heart-palpitations/
Ectopic pregnancy,/conditions/ectopic-pregnancy/
Ectropion,/conditions/ectropion/
Eczema (atopic),/conditions/atopic-eczema/
Eczema (contact dermatitis),/conditions/contact-dermatitis/
Eczema (discoid),/conditions/discoid-eczema/
Eczema (varicose),/conditions/varicose-eczema/
Edwards' syndrome (trisomy 18),/conditions/edwards-syndrome/
Ehlers-Danlos syndromes,/conditions/ehlers-danlos-syndromes/
Ejaculation problems,/conditions/ejaculation-problems/
Elbow and arm pain,/conditions/elbow-and-arm-pain/
Electrocardiogram (ECG),/conditions/electrocardiogram/
Electroencephalogram (EEG),/conditions/electroencephalogram/
Electrolyte test,/conditions/electrolyte-test/
Embolism,/conditions/embolism/
Emollients,/conditions/emollients/
Empyema,/conditions/empyema/
Encephalitis,/conditions/encephalitis/
Endocarditis,/conditions/endocarditis/
Endometrial cancer,/conditions/womb-cancer/
Endometriosis,/conditions/endometriosis/
Endoscopy,/conditions/endoscopy/
Enhanced recovery,/conditions/enhanced-recovery/
Epidermolysis bullosa,/conditions/epidermolysis-bullosa/
Epididymitis,/conditions/epididymitis/
Epidural,/conditions/epidural/
Epiglottitis,/conditions/epiglottitis/
Epilepsy,/conditions/epilepsy/
Erectile dysfunction (impotence),/conditions/erection-problems-erectile-dysfunction/
Erythema multiforme,/conditions/erythema-multiforme/
Erythema nodosum,/conditions/erythema-nodosum/
Erythromelalgia,/conditions/erythromelalgia/
Essential tremor,/conditions/tremor-or-shaking-hands/
Euthanasia and assisted suicide,/conditions/euthanasia-and-assisted-suicide/
Ewing sarcoma,/conditions/ewing-sarcoma/
Excessive hair growth (hirsutism),/conditions/hirsutism/
Exophthalmos (bulging eyes),/conditions/bulging-eyes/
Eye cancer,/conditions/eye-cancer/
Eye floaters,/conditions/floaters-and-flashes-in-the-eyes/
Eye infection (herpes),/conditions/herpes-simplex-eye-infections/
Eye injuries,/conditions/eye-injuries/
Eye tests for children,/conditions/eye-tests-in-children/
Eyelid problems,/conditions/eyelid-problems/
Fabricated or induced illness,/conditions/fabricated-or-induced-illness/
Face blindness,/conditions/face-blindness/
Fainting,/conditions/fainting/
Falls,/conditions/falls/
Farting (flatulence),/conditions/flatulence/
Febrile seizures,/conditions/febrile-seizures/
Feeling sick (nausea),/conditions/feeling-sick-nausea/
Female genital mutilation (FGM),/conditions/female-genital-mutilation-fgm/
Femoral hernia repair,/conditions/femoral-hernia-repair/
Fever in children,/conditions/fever-in-children/
Fibroids,/conditions/fibroids/
Fibromyalgia,/conditions/fibromyalgia/
First aid,/conditions/first-aid/
Fits (children with fever),/conditions/febrile-seizures/
Fits (seizures),/conditions/what-to-do-if-someone-has-a-seizure-fit/
Flat feet,/conditions/flat-feet/
Flat head syndrome,/conditions/plagiocephaly-brachycephaly/
Floaters and flashes in the eyes,/conditions/floaters-and-flashes-in-the-eyes/
Flu,/conditions/flu/
Fluoride,/conditions/fluoride/
Foetal alcohol syndrome,/conditions/foetal-alcohol-syndrome/
Food allergy,/conditions/food-allergy/
Food colours and hyperactivity,/conditions/food-colours-and-hyperactivity/
Food intolerance,/conditions/food-intolerance/
Food poisoning,/conditions/food-poisoning/
Foot drop,/conditions/foot-drop/
Foot pain,/conditions/foot-pain/
Foreskin problems,/conditions/phimosis/
Frontotemporal dementia,/conditions/frontotemporal-dementia/
Frostbite,/conditions/frostbite/
Frozen shoulder,/conditions/frozen-shoulder/
Functional neurological disorder,/conditions/medically-unexplained-symptoms/
Fungal nail infection,/conditions/fungal-nail-infection/
Gallbladder cancer,/conditions/gallbladder-cancer/
Gallbladder pain,/conditions/acute-cholecystitis/
Gallbladder removal,/conditions/gallbladder-removal/
Gallstones,/conditions/gallstones/
Ganglion cyst,/conditions/ganglion/
Gangrene,/conditions/gangrene/
Gastrectomy,/conditions/gastrectomy/
Gastritis,/conditions/gastritis/
Gastro-oesophageal reflux disease (GORD),/conditions/heartburn-and-acid-reflux/
Gastroenteritis,/conditions/diarrhoea-and-vomiting/
Gastroparesis,/conditions/gastroparesis/
Gastroscopy,/conditions/gastroscopy/
Gender dysphoria,/conditions/gender-dysphoria/
General anaesthesia,/conditions/general-anaesthesia/
Generalised anxiety disorder in adults,/conditions/generalised-anxiety-disorder/
Genetic test for cancer gene,/conditions/predictive-genetic-tests-cancer/
Genetics,/conditions/genetics/
Genital herpes,/conditions/genital-herpes/
Genital warts,/conditions/genital-warts/
Gestational diabetes,/conditions/gestational-diabetes/
Giardiasis,/conditions/giardiasis/
Gigantism,/conditions/acromegaly/
Gilbert's syndrome,/conditions/gilberts-syndrome/
Glandular fever,/conditions/glandular-fever/
Glaucoma,/conditions/glaucoma/
Glomerulonephritis,/conditions/glomerulonephritis/
Glue ear,/conditions/glue-ear/
Glutaric aciduria type 1,/conditions/glutaric-aciduria/
Goitre,/conditions/goitre/
Gonorrhoea,/conditions/gonorrhoea/
Gout,/conditions/gout/
Granuloma annulare,/conditions/granuloma-annulare/
Granulomatosis with polyangiitis (Wegener's granulomatosis),/conditions/granulomatosis-with-polyangiitis/
Group B strep,/conditions/group-b-strep/
Growing pains,/conditions/growing-pains/
Guillain-Barré syndrome,/conditions/guillain-barre-syndrome/
Gum disease,/conditions/gum-disease/
Haemochromatosis,/conditions/haemochromatosis/
Haemophilia,/conditions/haemophilia/
Haemophilus influenzae type b (Hib),/conditions/hib/
Hair dye reactions,/conditions/hair-dye-reactions/
Hair loss,/conditions/hair-loss/
Hairy cell leukaemia,/conditions/hairy-cell-leukaemia/
Halitosis,/conditions/bad-breath/
Hallucinations and hearing voices,/conditions/hallucinations/
Hamstring injury,/conditions/hamstring-injury/
Hand pain,/conditions/hand-pain/
Hand tendon repair,/conditions/hand-tendon-repair/
Hand, foot and mouth disease,/conditions/hand-foot-mouth-disease/
Hay fever,/conditions/hay-fever/
Head and neck cancer,/conditions/head-and-neck-cancer/
Head injury and concussion,/conditions/minor-head-injury/
Head lice and nits,/conditions/head-lice-and-nits/
Headaches,/conditions/headaches/
Headaches (hormone),/conditions/hormone-headaches/
Headaches (tension-type),/conditions/tension-headaches/
Headaches in children,/conditions/headaches-in-children/
Health anxiety,/conditions/health-anxiety/
Hearing loss,/conditions/hearing-loss/
Hearing tests,/conditions/hearing-tests/
Hearing tests for children,/conditions/hearing-tests-children/
Hearing voices,/conditions/hallucinations/
Heart attack,/conditions/heart-attack/
Heart block,/conditions/heart-block/
Heart bypass,/conditions/coronary-artery-bypass-graft-cabg/
Heart disease (coronary),/conditions/coronary-heart-disease/
Heart failure,/conditions/heart-failure/
Heart pain,/conditions/chest-pain/
Heart palpitations and ectopic beats,/conditions/heart-palpitations/
Heart rhythm problems,/conditions/arrhythmia/
Heart transplant,/conditions/heart-transplant/
Heart valve problems,/conditions/mitral-valve-problems/
Heart valve replacement,/conditions/aortic-valve-replacement/
Heart-lung transplant,/conditions/heart-lung-transplant/
Heartburn and acid reflux,/conditions/heartburn-and-acid-reflux/
Heat exhaustion and heatstroke,/conditions/heat-exhaustion-heatstroke/
Heat rash (prickly heat),/conditions/heat-rash-prickly-heat/
Heavy periods,/conditions/heavy-periods/
Henoch-Schönlein purpura (HSP),/conditions/henoch-schonlein-purpura-hsp/
Hepatitis,/conditions/hepatitis/
Hepatitis A,/conditions/hepatitis-a/
Hepatitis B,/conditions/hepatitis-b/
Hepatitis C,/conditions/hepatitis-c/
Herbal medicines,/conditions/herbal-medicines/
Herceptin (trastuzumab),/conditions/herceptin/
Hereditary haemorrhagic telangiectasia (HHT),/conditions/hereditary-haemorrahagic-telangiectasia/
Hereditary neuropathy with pressure palsies (HNPP),/conditions/hereditary-neuropathy/
Hereditary spastic paraplegia,/conditions/hereditary-spastic-paraplegia/
Hernia,/conditions/hernia/
Hernia (femoral),/conditions/femoral-hernia-repair/
Hernia (hiatus),/conditions/hiatus-hernia/
Hernia (inguinal),/conditions/inguinal-hernia-repair/
Hernia (umbilical),/conditions/umbilical-hernia-repair/
Herpes (genital),/conditions/genital-herpes/
Herpes in babies,/conditions/neonatal-herpes/
Herpes simplex eye infections,/conditions/herpes-simplex-eye-infections/
Herpetic whitlow (whitlow finger),/conditions/herpetic-whitlow/
Hiatus hernia,/conditions/hiatus-hernia/
Hiccups,/conditions/hiccups/
Hidradenitis suppurativa (HS),/conditions/hidradenitis-suppurativa/
High blood pressure (hypertension),/conditions/high-blood-pressure-hypertension/
High cholesterol,/conditions/high-cholesterol/
Hip dysplasia,/conditions/developmental-dysplasia-of-the-hip/
Hip fracture,/conditions/hip-fracture/
Hip pain in adults,/conditions/hip-pain/
Hip pain in children (irritable hip),/conditions/hip-pain-children-irritable-hip/
Hip replacement,/conditions/hip-replacement/
Hirschsprung's disease,/conditions/hirschsprungs-disease/
HIV and AIDS,/conditions/hiv-and-aids/
Hives,/conditions/hives/
Hoarding disorder,/conditions/hoarding-disorder/
Hodgkin lymphoma,/conditions/hodgkin-lymphoma/
Home oxygen therapy,/conditions/home-oxygen-treatment/
Homeopathy,/conditions/homeopathy/
Homocystinuria,/conditions/homocystinuria/
Hormone headaches,/conditions/hormone-headaches/
Hormone replacement therapy (HRT),/conditions/hormone-replacement-therapy-hrt/
HRT,/conditions/hormone-replacement-therapy-hrt/
Hughes syndrome,/conditions/antiphospholipid-syndrome/
Human papillomavirus (HPV),/conditions/human-papilloma-virus-hpv/
Huntington's disease,/conditions/huntingtons-disease/
Hydrocephalus,/conditions/hydrocephalus/
Hydronephrosis,/conditions/hydronephrosis/
Hyperglycaemia (high blood sugar),/conditions/high-blood-sugar-hyperglycaemia/
Hyperhidrosis,/conditions/excessive-sweating-hyperhidrosis/
Hyperparathyroidism,/conditions/hyperparathyroidism/
Hypersomnia,/conditions/excessive-daytime-sleepiness-hypersomnia/
Hypertension,/conditions/high-blood-pressure-hypertension/
Hypnotherapy,/conditions/hypnotherapy/
Hypochondria,/conditions/health-anxiety/
Hypoglycaemia (low blood sugar),/conditions/low-blood-sugar-hypoglycaemia/
Hypoparathyroidism,/conditions/hypoparathyroidism/
Hypotension,/conditions/low-blood-pressure-hypotension/
Hypothermia,/conditions/hypothermia/
Hypothyroidism,/conditions/underactive-thyroid-hypothyroidism/
Hypotonia,/conditions/hypotonia/
Hysterectomy,/conditions/hysterectomy/
Hysteroscopy,/conditions/hysteroscopy/
IBS,/conditions/irritable-bowel-syndrome-ibs/
Ichthyosis,/conditions/ichthyosis/
Idiopathic pulmonary fibrosis,/conditions/idiopathic-pulmonary-fibrosis/
Ileostomy,/conditions/ileostomy/
Impetigo,/conditions/impetigo/
Impotence,/conditions/erection-problems-erectile-dysfunction/
Incontinence (urinary),/conditions/urinary-incontinence/
Indigestion,/conditions/indigestion/
Infertility,/conditions/infertility/
Inflammatory bowel disease,/conditions/inflammatory-bowel-disease/
Influenza,/conditions/flu/
Ingrown hairs,/conditions/ingrown-hairs/
Ingrown toenail,/conditions/ingrown-toenail/
Inguinal hernia repair,/conditions/inguinal-hernia-repair/
Insect bites and stings,/conditions/insect-bites-and-stings/
Insomnia,/conditions/insomnia/
Intensive care,/conditions/intensive-care/
Intersex,/conditions/differences-in-sex-development/
Interstitial cystitis,/conditions/interstitial-cystitis/
Intracranial hypertension,/conditions/intracranial-hypertension/
Intrauterine insemination (IUI),/conditions/artificial-insemination/
Iron deficiency anaemia,/conditions/iron-deficiency-anaemia/
Irregular periods,/conditions/irregular-periods/
Irritable bowel syndrome (IBS),/conditions/irritable-bowel-syndrome-ibs/
Irritable hip,/conditions/hip-pain-children-irritable-hip/
Isovaleric acidaemia,/conditions/isovaleric-acidaemia/
Itchy anus,/conditions/itchy-anus/
Itchy skin,/conditions/itchy-skin/
IVF,/conditions/ivf/
Japanese encephalitis,/conditions/japanese-encephalitis/
Jaundice,/conditions/jaundice/
Jaundice in newborns,/conditions/jaundice-newborn/
Jaw pain,/conditions/temporomandibular-disorder-tmd/
Jellyfish and other sea creature stings,/conditions/jellyfish-and-other-sea-creature-stings/
Jet lag,/conditions/jet-lag/
Joint hypermobility syndrome,/conditions/joint-hypermobility-syndrome/
Joint pain,/conditions/joint-pain/
Kaposi's sarcoma,/conditions/kaposis-sarcoma/
Kawasaki disease,/conditions/kawasaki-disease/
Keratosis pilaris,/conditions/keratosis-pilaris/
Kidney cancer,/conditions/kidney-cancer/
Kidney failure,/conditions/kidney-disease/
Kidney infection,/conditions/kidney-infection/
Kidney stones,/conditions/kidney-stones/
Kidney transplant,/conditions/kidney-transplant/
Klinefelter syndrome,/conditions/klinefelters-syndrome/
Knee ligament surgery,/conditions/knee-ligament-surgery/
Knee pain,/conditions/knee-pain/
Knee replacement,/conditions/knee-replacement/
Knock knees,/conditions/knock-knees/
Knocked-out tooth,/conditions/knocked-out-tooth/
Kwashiorkor,/conditions/kwashiorkor/
Kyphosis,/conditions/kyphosis/
"Leaky gut syndrome",/conditions/leaky-gut-syndrome/
Labial fusion,/conditions/labial-fusion/
Labyrinthitis,/conditions/labyrinthitis/
Lactate dehydrogenase (LDH) test,/conditions/ldh-test/
Lactose intolerance,/conditions/lactose-intolerance/
Lambert-Eaton myasthenic syndrome,/conditions/lambert-eaton-myasthenic-syndrome/
Laparoscopy (keyhole surgery),/conditions/laparoscopy/
Laryngeal (larynx) cancer,/conditions/laryngeal-cancer/
Laryngitis,/conditions/laryngitis/
Laxatives,/conditions/laxatives/
Lazy eye,/conditions/lazy-eye/
Learning disabilities,/conditions/learning-disabilities/
Leg cramps,/conditions/leg-cramps/
Leg ulcer,/conditions/leg-ulcer/
Legionnaires' disease,/conditions/legionnaires-disease/
Leptospirosis (Weil's disease),/conditions/leptospirosis/
Leukaemia (acute lymphoblastic),/conditions/acute-lymphoblastic-leukaemia/
Leukaemia (acute myeloid),/conditions/acute-myeloid-leukaemia/
Leukaemia (chronic lymphocytic),/conditions/chronic-lymphocytic-leukaemia/
Leukaemia (chronic myeloid),/conditions/chronic-myeloid-leukaemia/
Leukaemia (hairy cell),/conditions/hairy-cell-leukaemia/
Leukoplakia,/conditions/leukoplakia/
Lichen planus,/conditions/lichen-planus/
Lichen sclerosus,/conditions/lichen-sclerosus/
Limping in children,/conditions/limp-in-children/
Lipoedema,/conditions/lipoedema/
Lipoma,/conditions/lipoma/
Lips (sore or dry),/conditions/sore-or-dry-lips/
Listeriosis,/conditions/listeriosis/
Liver cancer,/conditions/liver-cancer/
Liver disease,/conditions/liver-disease/
Liver disease (alcohol-related),/conditions/alcohol-related-liver-disease-arld/
Liver transplant,/conditions/liver-transplant/
Local anaesthesia,/conditions/local-anaesthesia/
Long QT syndrome,/conditions/long-qt-syndrome/
Long-sightedness,/conditions/long-sightedness/
Loss of libido (reduced sex drive),/conditions/loss-of-libido/
Lost or changed sense of smell,/conditions/lost-or-changed-sense-smell/
Low blood pressure (hypotension),/conditions/low-blood-pressure-hypotension/
Low blood sugar (hypoglycaemia),/conditions/low-blood-sugar-hypoglycaemia/
Low sperm count,/conditions/low-sperm-count/
Low white blood cell count,/conditions/low-white-blood-cell-count/
Lumbar decompression surgery,/conditions/lumbar-decompression-surgery/
Lumbar puncture,/conditions/lumbar-puncture/
Lumps,/conditions/lumps/
Lung cancer,/conditions/lung-cancer/
Lung transplant,/conditions/lung-transplant/
Lupus,/conditions/lupus/
Lyme disease,/conditions/lyme-disease/
Lymphoedema,/conditions/lymphoedema/
Macular degeneration (age-related),/conditions/age-related-macular-degeneration-amd/
Macular hole,/conditions/macular-hole/
Magnesium test,/conditions/magnesium-test/
Malaria,/conditions/malaria/
Male menopause,/conditions/male-menopause/
Malignant brain tumour (brain cancer),/conditions/malignant-brain-tumour/
Mallet finger,/conditions/mallet-finger/
Malnutrition,/conditions/malnutrition/
Maple syrup urine disease,/conditions/maple-syrup-urine-disease/
Marfan syndrome,/conditions/marfan-syndrome/
Mastectomy,/conditions/mastectomy/
Mastitis,/conditions/mastitis/
Mastocytosis,/conditions/mastocytosis/
Mastoiditis,/conditions/mastoiditis/
MCADD,/conditions/mcadd/
Measles,/conditions/measles/
Medically unexplained symptoms,/conditions/medically-unexplained-symptoms/
Medicines information,/conditions/medicines-information/
Memory loss (amnesia),/conditions/memory-loss-amnesia/
Meningitis,/conditions/meningitis/
Menopause,/conditions/menopause/
Menopause (early),/conditions/early-menopause/
Menstrual pain,/conditions/period-pain/
Mesothelioma,/conditions/mesothelioma/
Metabolic syndrome,/conditions/metabolic-syndrome/
Metallic taste,/conditions/metallic-taste/
Middle East respiratory syndrome (MERS),/conditions/middle-east-respiratory-syndrome-mers/
Migraine,/conditions/migraine/
Miscarriage,/conditions/miscarriage/
Mitral valve problems,/conditions/mitral-valve-problems/
Mobile phone safety,/conditions/mobile-phone-safety/
Molar pregnancy,/conditions/molar-pregnancy/
Moles,/conditions/moles/
Molluscum contagiosum,/conditions/molluscum-contagiosum/
Monkeypox,/conditions/monkeypox/
Morton's neuroma,/conditions/mortons-neuroma/
Motion sickness,/conditions/motion-sickness/
Motor neurone disease,/conditions/motor-neurone-disease/
Mouth cancer,/conditions/mouth-cancer/
Mouth thrush,/conditions/oral-thrush-mouth-thrush/
Mouth ulcers,/conditions/mouth-ulcers/
MRI scan,/conditions/mri-scan/
MRSA,/conditions/mrsa/
Mucositis,/conditions/mucositis/
Multiple myeloma,/conditions/multiple-myeloma/
Multiple sclerosis,/conditions/multiple-sclerosis/
Multiple system atrophy,/conditions/multiple-system-atrophy/
Mumps,/conditions/mumps/
Munchausen's syndrome,/conditions/munchausens-syndrome/
Muscular dystrophy,/conditions/muscular-dystrophy/
Myalgic encephalomyelitis (ME),/conditions/chronic-fatigue-syndrome-cfs/
Myasthenia gravis,/conditions/myasthenia-gravis/
Mycobacterium chimaera infection,/conditions/mycobacterium-chimaera/
Myelodysplastic syndrome (myelodysplasia),/conditions/myelodysplasia/
Myeloma,/conditions/multiple-myeloma/
Myopia,/conditions/short-sightedness/
Myositis (polymyositis and dermatomyositis),/conditions/myositis/
Ménière's disease,/conditions/menieres-disease/
Nail fungal infection,/conditions/fungal-nail-infection/
Nail patella syndrome,/conditions/nail-patella-syndrome/
Nail problems,/conditions/nail-problems/
Narcolepsy,/conditions/narcolepsy/
Nasal and sinus cancer,/conditions/nasal-and-sinus-cancer/
Nasal polyps,/conditions/nasal-polyps/
Nasopharyngeal cancer,/conditions/nasopharyngeal-cancer/
Nausea,/conditions/feeling-sick-nausea/
Neck pain,/conditions/neck-pain-and-stiff-neck/
Necrotising fasciitis,/conditions/necrotising-fasciitis/
Neonatal herpes (herpes in a baby),/conditions/neonatal-herpes/
Nephrotic syndrome in children,/conditions/nephrotic-syndrome/
Neuroblastoma,/conditions/neuroblastoma/
Neuroendocrine tumours,/conditions/neuroendocrine-tumours/
Neuroendocrine tumours and carcinoid syndrome,/conditions/carcinoid-syndrome/
Neurofibromatosis type 1,/conditions/neurofibromatosis-type-1/
Neurofibromatosis type 2,/conditions/neurofibromatosis-type-2/
Neuromyelitis optica,/conditions/neuromyelitis-optica/
Newborn jaundice,/conditions/jaundice-newborn/
Newborn respiratory distress syndrome,/conditions/neonatal-respiratory-distress-syndrome/
NHS screening,/conditions/nhs-screening/
Night sweats,/conditions/night-sweats/
Night terrors and nightmares,/conditions/night-terrors/
Nipple discharge,/conditions/nipple-discharge/
Noise sensitivity (hyperacusis),/conditions/hyperacusis/
Non-alcoholic fatty liver disease (NAFLD),/conditions/non-alcoholic-fatty-liver-disease/
Non-allergic rhinitis,/conditions/non-allergic-rhinitis/
Non-gonococcal urethritis,/conditions/non-gonococcal-urethritis/
Non-Hodgkin lymphoma,/conditions/non-hodgkin-lymphoma/
Noonan syndrome,/conditions/noonan-syndrome/
Norovirus (vomiting bug),/conditions/norovirus/
Nose cancer,/conditions/nasal-and-sinus-cancer/
Nosebleed,/conditions/nosebleed/
NSAIDs,/conditions/nsaids/
Obesity,/conditions/obesity/
Obsessive compulsive disorder (OCD),/conditions/obsessive-compulsive-disorder-ocd/
Occupational therapy,/conditions/occupational-therapy/
Oesophageal atresia and tracheo-oesophageal fistula,/conditions/oesophageal-atresia/
Oesophageal cancer,/conditions/oesophageal-cancer/
Oral thrush (mouth thrush),/conditions/oral-thrush-mouth-thrush/
Orf,/conditions/orf/
Orthodontics,/conditions/orthodontics/
Osteoarthritis,/conditions/osteoarthritis/
Osteomalacia,/conditions/rickets-and-osteomalacia/
Osteomyelitis,/conditions/osteomyelitis/
Osteopathy,/conditions/osteopathy/
Osteophyte (bone spur),/conditions/osteophyte/
Osteoporosis,/conditions/osteoporosis/
Otosclerosis,/conditions/otosclerosis/
Ovarian cancer,/conditions/ovarian-cancer/
Ovarian cyst,/conditions/ovarian-cyst/
Overactive thyroid (hyperthyroidism),/conditions/overactive-thyroid-hyperthyroidism/
Ovulation pain,/conditions/ovulation-pain/
Oxygen therapy,/conditions/home-oxygen-treatment/
Pacemaker implantation,/conditions/pacemaker-implantation/
Paget's disease of bone,/conditions/pagets-disease-bone/
Paget's disease of the nipple,/conditions/pagets-disease-nipple/
Palpitations,/conditions/heart-palpitations/
Pancreas transplant,/conditions/pancreas-transplant/
Pancreatic cancer,/conditions/pancreatic-cancer/
Pancreatitis (acute),/conditions/acute-pancreatitis/
Pancreatitis (chronic),/conditions/chronic-pancreatitis/
Panic disorder,/conditions/panic-disorder/
Paralysis,/conditions/paralysis/
Parkinson's disease,/conditions/parkinsons-disease/
Patau's syndrome,/conditions/pataus-syndrome/
Peak flow test,/conditions/peak-flow-test/
Pelvic inflammatory disease,/conditions/pelvic-inflammatory-disease-pid/
Pelvic organ prolapse,/conditions/pelvic-organ-prolapse/
Pelvic pain,/conditions/pelvic-pain/
Pemphigus vulgaris,/conditions/pemphigus-vulgaris/
Penile cancer,/conditions/penile-cancer/
Penis problems,/conditions/penis-problems/
Perforated eardrum,/conditions/perforated-eardrum/
Pericarditis,/conditions/pericarditis/
Period pain,/conditions/period-pain/
Periods,/conditions/periods/
Periods (heavy),/conditions/heavy-periods/
Periods (irregular),/conditions/irregular-periods/
Periods (stopped or missed),/conditions/stopped-or-missed-periods/
Peripheral arterial disease (PAD),/conditions/peripheral-arterial-disease-pad/
Peripheral neuropathy,/conditions/peripheral-neuropathy/
Peritonitis,/conditions/peritonitis/
Persistent trophoblastic disease and choriocarcinoma,/conditions/persistent-trophoblastic-disease-choriocarcinoma/
Personality disorder,/conditions/personality-disorder/
PET scan,/conditions/pet-scan/
Phaeochromocytoma,/conditions/phaeochromocytoma/
Phantosmia,/conditions/phantosmia/
Phenylketonuria,/conditions/phenylketonuria/
Phimosis,/conditions/phimosis/
Phlebitis (superficial thrombophlebitis),/conditions/phlebitis/
Phobias,/conditions/phobias/
Phosphate test,/conditions/phosphate-test/
Photodynamic therapy (PDT),/conditions/photodynamic-therapy/
Physiotherapy,/conditions/physiotherapy/
Piles,/conditions/piles-haemorrhoids/
Piles (haemorrhoids),/conditions/piles-haemorrhoids/
Pilonidal sinus,/conditions/pilonidal-sinus/
Pins and needles,/conditions/pins-and-needles/
PIP breast implants,/conditions/pip-implants/
Pityriasis rosea,/conditions/pityriasis-rosea/
Pityriasis versicolor,/conditions/pityriasis-versicolor/
Plagiocephaly and brachycephaly (flat head syndrome),/conditions/plagiocephaly-brachycephaly/
Plantar fasciitis,/conditions/plantar-fasciitis/
Plastic surgery,/conditions/plastic-surgery/
Pleurisy,/conditions/pleurisy/
PMS (premenstrual syndrome),/conditions/pre-menstrual-syndrome/
Pneumonia,/conditions/pneumonia/
Poisoning,/conditions/poisoning/
Polio,/conditions/polio/
Polycystic kidney disease (autosomal dominant),/conditions/autosomal-dominant-polycystic-kidney-disease-adpkd/
Polycystic kidney disease (autosomal recessive),/conditions/autosomal-recessive-polycystic-kidney-disease-arpkd/
Polycystic ovary syndrome,/conditions/polycystic-ovary-syndrome-pcos/
Polycythaemia,/conditions/polycythaemia/
Polyhydramnios (too much amniotic fluid),/conditions/polyhydramnios/
Polymorphic light eruption,/conditions/polymorphic-light-eruption/
Polymyalgia rheumatica,/conditions/polymyalgia-rheumatica/
Pompholyx (dyshidrotic eczema),/conditions/pompholyx/
Popliteal cyst,/conditions/bakers-cyst/
Post-herpetic neuralgia,/conditions/post-herpetic-neuralgia/
Post-mortem,/conditions/post-mortem/
Post-polio syndrome,/conditions/post-polio-syndrome/
Post-traumatic stress disorder (PTSD),/conditions/post-traumatic-stress-disorder-ptsd/
Postmenopausal bleeding,/conditions/post-menopausal-bleeding/
Postnatal depression,/conditions/post-natal-depression/
Postpartum psychosis,/conditions/post-partum-psychosis/
Postural tachycardia syndrome (PoTS),/conditions/postural-tachycardia-syndrome/
Potassium test,/conditions/potassium-test/
Prader-Willi syndrome,/conditions/prader-willi-syndrome/
Pre-eclampsia,/conditions/pre-eclampsia/
Premature ejaculation,/conditions/ejaculation-problems/
Pressure ulcers (pressure sores),/conditions/pressure-sores/
Priapism (painful erections),/conditions/priapism-painful-erections/
Prickly heat,/conditions/heat-rash-prickly-heat/
Primary biliary cholangitis (primary biliary cirrhosis),/conditions/primary-biliary-cirrhosis-pbc/
Probiotics,/conditions/probiotics/
Proctalgia,/conditions/anal-pain/
Progressive supranuclear palsy,/conditions/progressive-supranuclear-palsy-psp/
Prolapse (pelvic organ),/conditions/pelvic-organ-prolapse/
Prosopagnosia (face blindness),/conditions/face-blindness/
Prostate cancer,/conditions/prostate-cancer/
Prostate enlargement,/conditions/prostate-enlargement/
Prostate problems,/conditions/prostate-problems/
Prostatitis,/conditions/prostatitis/
Psoriasis,/conditions/psoriasis/
Psoriatic arthritis,/conditions/psoriatic-arthritis/
Psychiatry,/conditions/psychiatry/
Psychosis,/conditions/psychosis/
Puberty (early or delayed),/conditions/early-or-delayed-puberty/
Pubic lice,/conditions/pubic-lice/
Pudendal neuralgia,/conditions/pudendal-neuralgia/
Pulmonary embolism,/conditions/pulmonary-embolism/
Pulmonary hypertension,/conditions/pulmonary-hypertension/
Pyoderma gangrenosum,/conditions/pyoderma-gangrenosum/
Q fever,/conditions/q-fever/
Quinsy,/conditions/tonsillitis/
Rabies,/conditions/rabies/
Radiotherapy,/conditions/radiotherapy/
Rashes in babies and children,/conditions/rashes-babies-and-children/
Raynaud's,/conditions/raynauds/
Reactive arthritis,/conditions/reactive-arthritis/
Rectal bleeding,/conditions/bleeding-from-the-bottom-rectal-bleeding/
Rectal cancer,/conditions/bowel-cancer/
Rectal examination,/conditions/rectal-examination/
Red blood cell count,/conditions/red-blood-count/
Red eye,/conditions/red-eye/
Reflux in babies,/conditions/reflux-in-babies/
Repetitive strain injury (RSI),/conditions/repetitive-strain-injury-rsi/
Respiratory tract infections (RTIs),/conditions/respiratory-tract-infection/
Restless legs syndrome,/conditions/restless-legs-syndrome/
Restricted growth (dwarfism),/conditions/restricted-growth/
Retinal detachment,/conditions/detached-retina-retinal-detachment/
Retinal migraine,/conditions/retinal-migraine/
Retinoblastoma (eye cancer in children),/conditions/retinoblastoma/
Rett syndrome,/conditions/rett-syndrome/
Reye's syndrome,/conditions/reyes-syndrome/
Rhesus disease,/conditions/rhesus-disease/
Rheumatic fever,/conditions/rheumatic-fever/
Rheumatoid arthritis,/conditions/rheumatoid-arthritis/
Rhinitis (allergic),/conditions/allergic-rhinitis/
Rickets and osteomalacia,/conditions/rickets-and-osteomalacia/
Ringworm,/conditions/ringworm/
Root canal treatment,/conditions/root-canal-treatment/
Rosacea,/conditions/rosacea/
Roseola,/conditions/roseola/
Roundworm,/conditions/roundworm/
Rubella (german measles),/conditions/rubella/
Salivary gland stones,/conditions/salivary-gland-stones/
Sarcoidosis,/conditions/sarcoidosis/
SARS (severe acute respiratory syndrome),/conditions/sars/
Scabies,/conditions/scabies/
Scarlet fever,/conditions/scarlet-fever/
Scars,/conditions/scars/
Schistosomiasis (bilharzia),/conditions/schistosomiasis/
Schizophrenia,/conditions/schizophrenia/
Sciatica,/conditions/sciatica/
Scleroderma,/conditions/scleroderma/
Scoliosis,/conditions/scoliosis/
Scurvy,/conditions/scurvy/
Seasonal affective disorder (SAD),/conditions/seasonal-affective-disorder-sad/
Seizures (children with fever),/conditions/febrile-seizures/
Seizures (fits),/conditions/what-to-do-if-someone-has-a-seizure-fit/
Selective mutism,/conditions/selective-mutism/
Selective serotonin reuptake inhibitors (SSRIs),/conditions/ssri-antidepressants/
Self-harm,/conditions/self-harm/
Sense of smell (lost/changed),/conditions/lost-or-changed-sense-smell/
Sepsis,/conditions/sepsis/
Septic arthritis,/conditions/septic-arthritis/
Septic shock,/conditions/septic-shock/
Severe head injury,/conditions/severe-head-injury/
Sexually transmitted infections (STIs),/conditions/sexually-transmitted-infections-stis/
Shaking,/conditions/tremor-or-shaking-hands/
Shin pain (shin splints),/conditions/shin-splints/
Shin splints,/conditions/shin-splints/
Shingles,/conditions/shingles/
Short-sightedness (myopia),/conditions/short-sightedness/
Shortness of breath,/conditions/shortness-of-breath/
Shoulder impingement,/conditions/shoulder-impingement-syndrome/
Shoulder pain,/conditions/shoulder-pain/
Sick building syndrome,/conditions/sick-building-syndrome/
Sickle cell disease,/conditions/sickle-cell-disease/
Silicosis,/conditions/silicosis/
Sinus cancer,/conditions/nasal-and-sinus-cancer/
Sinusitis,/conditions/sinusitis-sinus-infection/
Sinusitis (sinus infection),/conditions/sinusitis-sinus-infection/
Sjögren's syndrome,/conditions/sjogrens-syndrome/
Skin cancer (melanoma),/conditions/melanoma-skin-cancer/
Skin cancer (non-melanoma),/conditions/non-melanoma-skin-cancer/
Skin cyst,/conditions/skin-cyst/
Skin picking disorder,/conditions/skin-picking-disorder/
Skin tags,/conditions/skin-tags/
Slapped cheek syndrome,/conditions/slapped-cheek-syndrome/
Sleep apnoea,/conditions/sleep-apnoea/
Sleep paralysis,/conditions/sleep-paralysis/
Sleepwalking,/conditions/sleepwalking/
Slipped disc,/conditions/slipped-disc/
Small bowel transplant,/conditions/small-bowel-transplant/
Smear test,/conditions/cervical-screening/
Smelling things that aren't there (phantosmia),/conditions/phantosmia/
Smelly urine,/conditions/smelly-urine/
Smoking (treatments to stop),/conditions/stop-smoking-treatments/
Snake bites,/conditions/snake-bites/
Snoring,/conditions/snoring/
Social anxiety (social phobia),/conditions/social-anxiety/
Social care and support guide,/conditions/social-care-and-support-guide/
Soft tissue sarcomas,/conditions/soft-tissue-sarcoma/
Soiling (child pooing their pants),/conditions/soiling-child-pooing-their-pants/
Solar keratoses,/conditions/actinic-keratoses/
Sore lips,/conditions/sore-or-dry-lips/
Sore or white tongue,/conditions/sore-or-white-tongue/
Sore throat,/conditions/sore-throat/
Sperm count (low),/conditions/low-sperm-count/
Spina bifida,/conditions/spina-bifida/
Spinal muscular atrophy,/conditions/spinal-muscular-atrophy-sma/
Spirometry,/conditions/spirometry/
Spleen problems and spleen removal,/conditions/spleen-problems-and-spleen-removal/
Spondylolisthesis,/conditions/spondylolisthesis/
Sports injuries,/conditions/sports-injuries/
Sprains and strains,/conditions/sprains-and-strains/
Squamous cell carcinoma,/conditions/non-melanoma-skin-cancer/
Squint,/conditions/squint/
Stammering,/conditions/stammering/
Staph infection,/conditions/staphylococcal-infections/
Statins,/conditions/statins/
Stem cell and bone marrow transplants,/conditions/stem-cell-transplant/
Stent insertion,/conditions/coronary-angioplasty/
Steroid cream,/conditions/topical-steroids/
Steroid inhalers,/conditions/steroid-inhalers/
Steroid injections,/conditions/steroid-injections/
Steroid misuse,/conditions/anabolic-steroid-misuse/
Steroid nasal sprays,/conditions/steroid-nasal-sprays/
Steroid tablets,/conditions/steroid-tablets/
Steroids,/conditions/steroids/
Stevens-Johnson syndrome,/conditions/stevens-johnson-syndrome/
Stillbirth,/conditions/stillbirth/
Sting or bite (insect),/conditions/insect-bites-and-stings/
Stomach ache,/conditions/stomach-ache/
Stomach bug,/conditions/diarrhoea-and-vomiting/
Stomach cancer,/conditions/stomach-cancer/
Stomach ulcer,/conditions/stomach-ulcer/
Stop smoking treatments,/conditions/stop-smoking-treatments/
Stopped or missed periods,/conditions/stopped-or-missed-periods/
Stretch marks,/conditions/stretch-marks/
Stroke,/conditions/stroke/
Stuttering,/conditions/stammering/
Stye,/conditions/stye/
Subarachnoid haemorrhage,/conditions/subarachnoid-haemorrhage/
Subdural haematoma,/conditions/subdural-haematoma/
Sudden confusion (delirium),/conditions/confusion/
Sudden infant death syndrome (SIDS),/conditions/sudden-infant-death-syndrome-sids/
Suicidal thoughts,/conditions/suicide/
Sunburn,/conditions/sunburn/
Superficial thrombophlebitis,/conditions/phlebitis/
Supraventricular tachycardia (SVT),/conditions/supraventricular-tachycardia-svt/
Surgery (having an operation),/conditions/having-surgery/
Swallowing pills,/conditions/problems-swallowing-pills/
Swallowing problems,/conditions/swallowing-problems-dysphagia/
Sweating (excessive),/conditions/excessive-sweating-hyperhidrosis/
Sweating at night,/conditions/night-sweats/
Swine flu (H1N1),/conditions/swine-flu/
Swollen ankles, feet and legs (oedema),/conditions/oedema/
Swollen arms and hands (oedema),/conditions/swollen-arms-and-hands-oedema/
Swollen glands,/conditions/swollen-glands/
Syphilis,/conditions/syphilis/
Tapeworms,/conditions/tapeworms/
Tay-Sachs disease,/conditions/tay-sachs-disease/
Teeth grinding (bruxism),/conditions/teeth-grinding/
Temporal arteritis,/conditions/temporal-arteritis/
Temporomandibular disorder (TMD),/conditions/temporomandibular-disorder-tmd/
Tendonitis,/conditions/tendonitis/
Tennis elbow,/conditions/tennis-elbow/
TENS (transcutaneous electrical nerve stimulation),/conditions/transcutaneous-electrical-nerve-stimulation-tens/
Tension-type headaches,/conditions/tension-headaches/
Testicle lumps and swellings,/conditions/testicle-lumps-and-swellings/
Testicular cancer,/conditions/testicular-cancer/
Tetanus,/conditions/tetanus/
Thalassaemia,/conditions/thalassaemia/
Thirst (excessive),/conditions/thirst/
Threadworms,/conditions/threadworms/
Throat (sore),/conditions/sore-throat/
Thrombophilia,/conditions/thrombophilia/
Thrush in men and women,/conditions/thrush-in-men-and-women/
Thyroid cancer,/conditions/thyroid-cancer/
Thyroiditis,/conditions/thyroiditis/
TIA,/conditions/transient-ischaemic-attack-tia/
Tick-borne encephalitis (TBE),/conditions/tick-borne-encephalitis/
Tics,/conditions/tics/
Tight foreskin (phimosis and paraphimosis),/conditions/phimosis/
Tinnitus,/conditions/tinnitus/
Tongue (sore or white),/conditions/sore-or-white-tongue/
Tongue cancer,/conditions/mouth-cancer/
Tongue-tie,/conditions/tongue-tie/
Tonsillitis,/conditions/tonsillitis/
Tooth (chipped or broken),/conditions/chipped-broken-or-cracked-tooth/
Tooth decay,/conditions/tooth-decay/
Tooth knocked out,/conditions/knocked-out-tooth/
Toothache,/conditions/toothache/
Total iron-binding capacity (TIBC) and transferrin test,/conditions/tibc-test/
Total protein test,/conditions/total-protein-test/
Tourette's syndrome,/conditions/tourettes-syndrome/
Toxic shock syndrome,/conditions/toxic-shock-syndrome/
Toxocariasis,/conditions/toxocariasis/
Toxoplasmosis,/conditions/toxoplasmosis/
Tracheostomy,/conditions/tracheostomy/
Transient ischaemic attack (TIA),/conditions/transient-ischaemic-attack-tia/
Transurethral resection of the prostate (TURP),/conditions/transurethral-resection-of-the-prostate-turp/
Travel vaccinations,/conditions/travel-vaccinations/
Tremor,/conditions/tremor-or-shaking-hands/
Tremor or shaking hands,/conditions/tremor-or-shaking-hands/
Trichomoniasis,/conditions/trichomoniasis/
Trichotillomania (hair pulling disorder),/conditions/trichotillomania/
Trigeminal neuralgia,/conditions/trigeminal-neuralgia/
Trigger finger,/conditions/trigger-finger/
Trimethylaminuria ('fish odour syndrome'),/conditions/trimethylaminuria/
Tuberculosis (TB),/conditions/tuberculosis-tb/
Tuberous sclerosis,/conditions/tuberous-sclerosis/
Tummy ache,/conditions/stomach-ache/
Tummy bug,/conditions/diarrhoea-and-vomiting/
Turner syndrome,/conditions/turner-syndrome/
Twitching eyes and muscles,/conditions/twitching-eyes-and-muscles/
Type 1 diabetes,/conditions/type-1-diabetes/
Type 2 diabetes,/conditions/type-2-diabetes/
Typhoid fever,/conditions/typhoid-fever/
Typhus,/conditions/typhus/
Ulcerative colitis,/conditions/ulcerative-colitis/
Ultrasound scan,/conditions/ultrasound-scan/
Umbilical hernia repair,/conditions/umbilical-hernia-repair/
Underactive thyroid (hypothyroidism),/conditions/underactive-thyroid-hypothyroidism/
Undescended testicles,/conditions/undescended-testicles/
Unintentional weight loss,/conditions/unintentional-weight-loss/
Urethritis (NGU),/conditions/non-gonococcal-urethritis/
Urinary catheter,/conditions/urinary-catheters/
Urinary incontinence,/conditions/urinary-incontinence/
Urinary tract infections (UTIs),/conditions/urinary-tract-infections-utis/
Urine (smelly),/conditions/smelly-urine/
Urine albumin to creatinine ratio (ACR),/conditions/acr-test/
Uterine (womb) cancer,/conditions/womb-cancer/
Uveitis,/conditions/uveitis/
Vaccinations,/conditions/vaccinations/
Vagina problems,/conditions/vagina-problems/
Vaginal cancer,/conditions/vaginal-cancer/
Vaginal discharge,/conditions/vaginal-discharge/
Vaginal dryness,/conditions/vaginal-dryness/
Vaginal pain,/conditions/vulvodynia/
Vaginismus,/conditions/vaginismus/
Vaginitis,/conditions/vaginitis/
Varicose eczema,/conditions/varicose-eczema/
Varicose veins,/conditions/varicose-veins/
Vascular dementia,/conditions/vascular-dementia/
Vasculitis,/conditions/vasculitis/
Vegetative state,/conditions/disorders-of-consciousness/
Venous leg ulcer,/conditions/leg-ulcer/
Vertigo,/conditions/vertigo/
Vestibular neuronitis,/conditions/vestibular-neuronitis/
Vestibular schwannoma,/conditions/acoustic-neuroma/
Vitamin B12 or folate deficiency anaemia,/conditions/vitamin-b12-or-folate-deficiency-anaemia/
Vitamins and minerals,/conditions/vitamins-and-minerals/
Vitiligo,/conditions/vitiligo/
Vomiting,/conditions/diarrhoea-and-vomiting/
Vomiting blood (haematemesis),/conditions/vomiting-blood/
Von Willebrand disease,/conditions/von-willebrand-disease/
Vulval cancer,/conditions/vulval-cancer/
Vulvodynia (vulval pain),/conditions/vulvodynia/
Warts and verrucas,/conditions/warts-and-verrucas/
Watering eyes,/conditions/watering-eyes/
Wegener's granulomatosis,/conditions/granulomatosis-with-polyangiitis/
Weight loss (unexpected),/conditions/unintentional-weight-loss/
Weight loss surgery,/conditions/weight-loss-surgery/
Weil's disease,/conditions/leptospirosis/
West Nile virus,/conditions/west-nile-virus/
Whiplash,/conditions/whiplash/
White blood cell count (low),/conditions/low-white-blood-cell-count/
Whitlow finger,/conditions/herpetic-whitlow/
Whooping cough,/conditions/whooping-cough/
Wind,/conditions/flatulence/
Wisdom tooth removal,/conditions/wisdom-tooth-removal/
Wolff-Parkinson-White syndrome,/conditions/wolff-parkinson-white-syndrome/
Womb (uterus) cancer,/conditions/womb-cancer/
Worms in humans,/conditions/worms-in-humans/
X-ray,/conditions/x-ray/
Yellow fever,/conditions/yellow-fever/
Zika virus,/conditions/zika/
